{"test_accuracy": 0.806, "train_accuracy": 0.7978823529411765, "roc_auc": 0.78805096271459}